date,AdrActCnt,CapMrktCurUSD,IssTotUSD,NVTAdj,PriceBTC,PriceUSD,SplyCur,TxCnt,TxTfr,TxTfrValAdjNtv,TxTfrValAdjUSD,TxTfrValMeanNtv,TxTfrValMeanUSD,TxTfrValMedNtv,TxTfrValMedUSD,TxTfrValNtv,TxTfrValUSD,VtyDayRet180d,VtyDayRet30d,VtyDayRet60d
2017-08-15,2,,,,,,590000000,0,0,0,,,,,,0,,,,
2017-08-16,0,,,,,,590000000,0,0,0,,,,,,0,,,,
2017-08-17,0,,,,,,590000000,0,0,0,,,,,,0,,,,
2017-08-18,818,,,3.6374191328781685086,,,1000000000,538,538,274920201.2386,,513321.703045725,,120459.925965156,,276167076.2386,,,,
2017-08-19,631,,,1.80227666550628037214118832,,,1000000000,668,668,554853768.646607,,830669.692584741,,10000,,554887354.6466070306484737,,,,
2017-08-20,205,,,36.98967868854790982539141013,,,1000000000,195,195,27034568.43786,,138638.812501846,,15125,,27034568.43786,,,,
2017-08-21,393,,,8.718697557628274743725246857,,,1000000000,442,442,114696030.38645,,260730.615127715,,10005,,115242931.886450011100000013,,,,
2017-08-22,296,,,5.97773587123575864843143882,,,1000000000,339,339,167287418.10288,,497957.327737109,,10062.5,,168807534.102880000000000001,,,,
2017-08-23,470,,,6.270162481292619283293936365,,,1000000000,533,533,159485500.253551,,299265.628993529,,10000,,159508580.253551000000021288,,,,
2017-08-24,456,,,13.62714238276596107288201545,,,1000000000,550,550,73382956.7426172,,134150.826804759,,6360,,73782954.7426172370987544,,,,
2017-08-25,262,,,110.9061676919788608741822422,,,1000000000,270,270,9016631.092847,,33394.9299735074,,4024.95235,,9016631.092847,,,,
2017-08-26,354,,,34.05505329587342326638362305,,,1000000000,454,454,29364217.736261,,65453.9760118084,,5354.17765,,29716105.109361,,,,
2017-08-27,176,,,109.4360363887961100204629322,,,1000000000,187,187,9137757.844658,,48865.0152120749,,4064.95472,,9137757.844658,,,,
2017-08-28,251,,,73.42821473908154079020416123,,,1000000000,281,281,13618743.1977392,,53330.7008816342,,4024.95472,,14985926.947739205558041959,,,,
2017-08-29,227,,,60.49071921185116177113109023,,,1000000000,214,213,16531461.570126,,79598.5284982441,,5000,,16954486.570126,,,,
2017-08-30,241,,,6.312840154246243828630871612,,,1000000000,224,223,158407305.67641,,711782.55957583,,10000,,158727510.78541,,,,
2017-08-31,185,,,16.3927454074892476651213816,,,1000000000,181,181,61002594.4490748,,337859.63231533,,4199.9,,61152593.449074800000000001,,,,
2017-09-01,159,,,46.47521805877036211714403585,,,1000000000,131,131,21516843.6377307,,164251.020135349,,3064.9,,21516883.637730692545096,,,,
2017-09-02,207,,,37.54864297257406062097112324,,,1000000000,179,179,26632120.9192676,,148793.97161602,,10000,,26634120.9192676308470936,,,,
2017-09-03,139,,,72.92325055441328907161244681,,,1000000000,140,140,13713047.51773,,97950.3679837857,,8844.595,,13713051.51773,,,,
2017-09-04,349,,,10.6054945405212770556562465,,,1000000000,335,335,94290746.7614281,,288362.339586353,,10000,,96601383.7614281327906616,,,,
2017-09-05,334,,,10.03557553669083237703519032,,,1000000000,365,365,99645505.7653568,,273001.385658512,,19959.975418293,,99645505.7653568626986208,,,,
2017-09-06,601,,,6.887400968997575717581316361,,,1000000000,602,602,145192650.246635,,241212.373648895,,6408.460125,,145209848.9366347264507768,,,,
2017-09-07,111,,,82.72754333133670703667757317,,,1000000000,70,70,12087872.54802,,172683.922114571,,4024.47735,,12087874.54802,,,,
2017-09-08,3199,,,3.778985345063557384055077281,,,1000000000,3366,3366,264621296.112272,,78654.614486712,,4195.8,,264751432.3622727248045148,,,,
2017-09-09,918,,,26.07503270123198805308118701,,,1000000000,957,957,38350862.7374704,,42121.591146782,,4995.05848,,40310362.72747039300042,,,,
2017-09-10,593,,,87.08167112629707179395904926,,,1000000000,576,576,11483472.7798192,,19936.584687186,,2981.33563,,11483472.77981916277231802,,,,
2017-09-11,627,,,42.77417566029305144337368649,,,1000000000,627,627,23378591.9789985,,37307.5510063772,,3662.33531,,23391834.480998502387508476,,,,
2017-09-12,847,,,45.83811264429997272048247272,,,1000000000,858,858,21815906.9453823,,27718.8424319141,,3998,,23782766.806582332172638848,,,,
2017-09-13,564,,,94.73952351006168068128239807,,,1000000000,550,550,10555256.8025508,,22474.4724249523,,4017,,12360959.8337237538934584,,,,
2017-09-14,341,,,85.62697845572152489009125241,,,1000000000,351,351,11678562.2713186,,35690.5799894317,,5008.4765,,12527393.576290526660223884,,,,
2017-09-15,932,,,28.57801052476257729145579716,,,1000000000,1027,1027,34991938.9641735,,34745.5222773262,,3778.23798,,35683651.37881401680428285,,,,
2017-09-16,912,,,38.0008275697080445147539491,,,1000000000,1004,1004,26315216.3769491,,26648.8854888338,,2845.446705,,26755481.030789133294773344,,,,
2017-09-17,446,,,85.09455158436947712959588045,,,1000000000,486,486,11751633.698998,,25465.1686417709,,5241.852495,,12376071.9599006468181296,,,,
2017-09-18,1131,,,27.28488994646176884432660695,,,1000000000,1297,1297,36650321.9167163,,29681.3354142454,,2890.4145,,38496692.032276339148586057,,,,
2017-09-19,901,,,16.67993089561624135826225067,,,1000000000,1033,1033,59952286.748551,,59409.3415704366,,4108.64624,,61369849.8422609699949408,,,,
2017-09-20,412,,,74.07593000944329080026024019,,,1000000000,413,413,13499661.7642535,,32968.3468868124,,3908.00808,,13615927.264253505529332,,,,
2017-09-21,1742,,,18.6556695419477539486496898,,,1000000000,1852,1852,53603007.8015412,,29515.3573754003,,11916.151921975,,54662441.8592412600776688,,,,
2017-09-22,278,,,80.13966040398664157680198035,,,1000000000,278,278,12478216.0912458,,46819.1643847347,,4797.6,,13015727.69895625247734,,,,
2017-09-23,194,,,149.9715759348489146783269146,,,1000000000,231,231,6667930.19788245,,33684.9939291448,,3798.2979,,7781233.5976324524343088,,,,
2017-09-24,185,,,151.5824866527229282922057474,,,1000000000,215,215,6597068.18434118,,36025.0599488132,,7155.1077,,7745387.88899483,,,,
2017-09-25,145,,,66.73735285568905576051118546,,,1000000000,157,157,14984112.4529223,,101385.69279786,,5232.09267,,15917553.7692640304928592,,,,
2017-09-26,1194,,,33.94071815423509707492676824,,,1000000000,1200,1200,29463136.1497936,,24910.7323028446,,9999.5,,29892878.7634135498193992,,,,
2017-09-27,117,,,636.0969454545931276433852663,,,1000000000,128,128,1572087.41080393,,16835.6683747963,,6984.59687,,2154965.551973925768579591,,,,
2017-09-28,215,,,328.4626688423022024157097193,,,1000000000,250,250,3044486.0097027,,16528.6515728508,,2946.65,,4132162.8932127009019224,,,,
2017-09-29,189,,,154.6783138359386853297328435,,,1000000000,213,213,6465030.39243537,,36776.0829675818,,4975,,7833305.6720949204837088,,,,
2017-09-30,182,,,209.0581523483766423081752507,,,1000000000,227,227,4783358.06935474,,30945.416450035,,2569.66616,,7024609.53415793851050199,,,,
2017-10-01,120,,,277.7852837820943453502906252,,,1000000000,146,146,3599902.72481259,,33821.2369073435,,4885.51255377202,,4937900.588472149456216228,,,,
2017-10-02,359,,,66.97295190982360972611465327,,,1000000000,468,468,14931400.9832874,,37223.4788982876,,4194.958,,17420588.12439858523300675,,,,
2017-10-03,547,,,77.82292778413629760291164408,,,1000000000,762,762,12849683.614754,,26059.665759912,,3783.34375,,19857465.309052976051083982,,,,
2017-10-04,373,,,91.93717127937332704953999566,,,1000000000,446,446,10876993.3432176,,28802.9267685183,,3076.0617,,12846105.338759181580390877,,,,
2017-10-05,247,,,298.6682223663711151392903559,,,1000000000,310,310,3348196.84557307,,16252.3398558075,,2394.4773,,5038225.355300324748675206,,,,
2017-10-06,191,,,171.5350326186880795515865982,,,1000000000,212,212,5829712.94396136,,42653.5106870095,,3421.95589892693,,9042544.26564600860930868,,,,
2017-10-07,196,,,531.7768972749691541088907203,,,1000000000,214,215,1880487.86083861,,11513.5171075332,,1998,,2475406.178119641839055788,,,,
2017-10-08,177,,,491.3550004099743699374343995,,,1000000000,208,208,2035188.40586872,,11097.3907349294,,1537.23275,,2308257.272865314030230497,,,,
2017-10-09,244,,,39.67544064259760956618467483,,,1000000000,315,315,25204508.9809626,,84186.4867839799,,3363.633,,26518743.33695366820238715,,,,
2017-10-10,187,,,241.1031798896332874433350986,,,1000000000,239,239,4147601.87094072,,19170.8878011112,,2900.0725,,4581842.184465587955860437,,,,
2017-10-11,140,,,551.156445882572555582730305,,,1000000000,168,168,1814366.87798995,,16315.4298432165,,2017.09113769,,2740992.213660364630645,,,,
2017-10-12,203,,,13.79441663687312431891932935,,,1000000000,275,275,72493098.2095287,,266593.378316986,,2498,,73313179.037171176477931045,,,,
2017-10-13,112,,,6.356284908371167038740263531,,,1000000000,130,130,157324603.037068,,1213080.94056062,,2954.4,,157700522.272881004967665209,,,,
2017-10-14,99,,,495.8726065956124971620847534,,,1000000000,105,105,2016646.99097909,,21712.964381925,,2154.23001638,,2279861.26010212873801231,,,,
2017-10-15,115,,,1650.8612305882972518320167,,,1000000000,103,103,605744.432948881,,7662.60884998364,,2267,,789248.711548314644613816,,,,
2017-10-16,102,,,1015.606632296918780763857106,,,1000000000,107,107,984633.191827802,,10940.6963992711,,1500,,1170654.514722005184211682,,,,
2017-10-17,108,,,563.7151240516427536035431474,,,1000000000,116,116,1773945.66392437,,24055.0845976239,,2221.06095,,2790389.813324370006,,,,
2017-10-18,300,,,237.3784024124742092336802322,,,1000000000,388,388,4212683.16677933,,13039.5947534499,,3312.63586956,,5059362.764338541330019197,,,,
2017-10-19,287,,,273.4139102304606070647442093,,,1000000000,397,397,3657458.3903105,,10959.542190664,,2887.6074,,4350938.249693615351892903,,,,
2017-10-20,201,,,455.7101474685638854101728458,,,1000000000,266,266,2194377.29345051,,10285.9965813568,,2918.786346065,,2736075.09064089874491177,,,,
2017-10-21,108,,,356.9182014083330455941629535,,,1000000000,137,137,2801762.40957784,,22866.0942767305,,1899.392,,3132654.915912076779171311,,,,
2017-10-22,119,,,140.4872197791345827910261512,,,1000000000,151,151,7118085.20071889,,50643.9196823353,,2716.583,,7647231.872032626359950955,,,,
2017-10-23,133,,,875.5481524919803951622454582,,,1000000000,168,168,1142141.63681781,,7399.86336400541,,1870,,1243177.045152908372463964,,,,
2017-10-24,172,,,502.8640272447993382205183573,,,1000000000,195,195,1988609.13849618,,10922.9425502034,,3472.90797,,2129973.797289657505928246,,,,
2017-10-25,219,,,335.1457814560735654679767088,,,1000000000,249,249,2983776.18138412,,14900.8627881664,,2564.30710351,,3710314.834253427479840868,,,,
2017-10-26,168,,,33.07972110585645566672073928,,,1000000000,198,198,30230000.9362219,,154005.614684198,,3557.328751255,,30493111.70747122344454525,,,,
2017-10-27,142,,,359.3080833792377143203419543,,,1000000000,183,183,2783126.92159651,,18303.0686642128,,2863.8402601,,3349461.565550939246660311,,,,
2017-10-28,124,,,1057.975776204219528996884298,,,1000000000,142,142,945201.225294379,,7038.62076118126,,2999,,999484.148087738655726401,,,,
2017-10-29,130,,,213.8128987730295477469081467,,,1000000000,143,143,4676986.30783514,,35136.4869957026,,1637,,5024517.64038547689873926,,,,
2017-10-30,153,,,568.6889425058662495315684125,,,1000000000,194,194,1758430.53250448,,10918.7112068804,,3012.947325,,2118229.974134801684754012,,,,
2017-10-31,124,,,374.6701342834227324679688887,,,1000000000,139,139,2669014.44363201,,36391.1452332279,,2697.9853,,5058369.187418673471740527,,,,
2017-11-01,182,,,148.8255351221760161473790106,,,1000000000,238,238,6719277.03252715,,36796.4125343901,,1677.651867205,,8757546.183184836382903798,,,,
2017-11-02,181,,,257.3955712277759298791763528,,,1000000000,231,231,3885070.73074336,,18298.928569905,,3125.5193,,4227052.499648057638723706,,,,
2017-11-03,137,,,556.9207407644391619267131919,,,1000000000,141,141,1795587.64255643,,13936.0664348683,,3044.39217248,,1964985.367316433798,,,,
2017-11-04,118,,,702.2443886712123828698573148,,,1000000000,149,149,1424005.68254052,,10522.7549178845,,2000,,1567890.482764787599790214,,,,
2017-11-05,128,,,785.9167319954163740776232066,,,1000000000,148,148,1272399.42768623,,11601.7201886535,,3752.712522875,,1717054.587920724601928078,,,,
2017-11-06,874,,,65.51220223842124392923890677,,,1000000000,740,740,15264331.9233974,,22228.8079677669,,3998.02615,,16449317.896147491298225078,,,,
2017-11-07,427,,,186.637456518877230181718412,,,1000000000,383,383,5357981.28977854,,14733.2643727106,,3184.53970656,,5642840.254748164289277488,,,,
2017-11-08,359,,,176.0286996112589736118962181,,,1000000000,368,368,5680891.82166542,,15761.9121530933,,3385.27824717,,5800383.672338324912999673,,,,
2017-11-09,497,,,40.268937237919373178862796,,,1000000000,457,456,24833036.7919009,,54639.9902168378,,8000,,24915835.538878031236083921,,,,
2017-11-10,203,,,33.60799000322407831165645926,,,1000000000,208,208,29754829.131527,,146193.633617554,,2990.68605,,30408275.792451234715060218,,,,
2017-11-11,160,,,727.1200532662552685762885703,,,1000000000,181,181,1375288.70990142,,8149.96235938163,,1535.08318966,,1475143.187048076008642991,,,,
2017-11-12,206,,,326.8402601707958417936960284,,,1000000000,215,215,3059598.59252784,,15474.952257838,,5898.09955962,,3327114.735435169887076001,,,,
2017-11-13,133,,,424.5534989326944107689944605,,,1000000000,143,143,2355415.75446663,,19169.0208384309,,4996.4,,2741169.97989562,,,,
2017-11-14,191,,,213.9881508902136670605643829,,,1000000000,153,153,4673155.94737322,,30758.8185764149,,4161.45277002,,4706099.24219148273633973,,,,
2017-11-15,253,,,261.7187252721852596222291821,,,1000000000,219,219,3820895.88339546,,20763.6967667829,,2996.2807,,4547249.591925461713828963,,,,
2017-11-16,565,,,63.55638759923160467791894129,,,1000000000,523,523,15734059.7503073,,30529.7931749253,,3556.05138793,,15967081.830485936775765646,,,,
2017-11-17,283,,,248.6021925957406530632239311,,,1000000000,276,276,4022490.66896256,,17944.5925392413,,3114.37882596,,4952707.540830594592521232,,,,
2017-11-18,212,,,246.8418859018334353016394327,,,1000000000,178,178,4051176.30805045,,23095.2426036675,,2052.85529710155,,4110953.183452823763026826,,,,
2017-11-19,182,,,111.9547623598076100385212863,,,1000000000,165,165,8932179.20275811,,54979.1721706396,,1979.08,,9071563.408155530288106869,,,,
2017-11-20,1594,,,22.95313758983104977714448796,,,1000000000,1593,1593,43567028.5200151,,27596.3769745423,,1996.0093,,43961028.520445855280706991,,,,
2017-11-21,245,,,216.9789759840031874571750207,,,1000000000,246,246,4608741.4481748,,19591.2746209989,,2344.51481086,,4819453.556765738264268294,,,,
2017-11-22,255,,,251.8875984130088364619101891,,,1000000000,245,246,3970024.75032671,,16657.9069853458,,1916.91,,4097845.118395058507648795,,,,
2017-11-23,233,,,114.8389792293810483140620548,,,1000000000,259,259,8707844.7292934,,36227.1912682602,,2388.604,,9382842.538479394306182798,,,,
2017-11-24,242,,,422.1640025761968358164004129,,,1000000000,225,225,2368747.67601605,,11294.9263865433,,2396,,2541358.436972243317351974,,,,
2017-11-25,419,,,110.9026487568334739804135361,,,1000000000,425,425,9016917.19007192,,29598.4104514601,,2473.40412,,12579324.441870532142184186,,,,
2017-11-26,311,,,157.9883449335967949991033914,,,1000000000,257,257,6329580.83344885,,24883.6813579172,,2246.86736523,,6395106.108984719566412853,,,,
2017-11-27,349,,,255.0686580938356384513150593,,,1000000000,318,318,3920513.03940336,,12519.4710866628,,2290.8818,,3981191.805558758111198154,,,,
2017-11-28,469,,,64.51150213570228224259301962,,,1000000000,479,479,15501111.6916246,,32611.6847316271,,2253.90374,,15620996.98644937447479808,,,,
2017-11-29,392,,,46.56664445651260326302785866,,,1000000000,367,367,21474598.6461162,,73950.9131286296,,2995,,27139985.118207054794802435,,,,
2017-11-30,259,,,234.1381815068991687022341703,,,1000000000,293,293,4270982.17626899,,15465.9535486411,,2824.69248,,4531524.389751840451332735,,,,
2017-12-01,397,,,80.97547410753007029729112553,,,1000000000,439,439,12349418.2778364,,28719.8146981456,,2817,,12607998.652485921158576941,,,,
2017-12-02,491,,,74.44270546516514077328174132,,,1000000000,546,546,13433149.6115216,,25290.3278394483,,2380.65825,,13808519.00033877576256888,,,,
2017-12-03,631,,,33.96037992831846884906962465,,,1000000000,685,685,29446078.1095718,,44018.4474936711,,2989.5,,30152636.533164735471842257,,,,
2017-12-04,659,,,43.67588661796162401256143855,,,1000000000,654,654,22895929.022509,,35493.5139758853,,2998.5,,23212758.140228959873519034,,,,
2017-12-05,650,,,103.7361055277499717815493849,,,1000000000,586,586,9639845.21023391,,17098.9162251265,,2276.5,,10019964.907924117413914195,,,,
2017-12-06,524,,,53.04341166826290823536947828,,,1000000000,488,488,18852482.6844485,,38647.6333400158,,2000,,18860045.069927705908086254,,,,
2017-12-07,526,,,94.21979873805308460755843546,,,1000000000,577,577,10613480.5358709,,18459.4679218448,,1993.523,,10651112.99090446799999944,,,,
2017-12-08,405,,,246.1919140041401724943431938,,,1000000000,418,418,4061871.82891467,,9759.79978219449,,1794.1115,,4079596.308957296618252416,,,,
2017-12-09,1896,,,15.12733377645896641344245698,,,1000000000,1924,1924,66105502.4485671,,34374.9358975973,,4970.0724,,66137376.666977132041640973,,,,
2017-12-10,1332,,,11.72859853881682031924059878,,,1000000000,1322,1322,85261678.6814224,,64505.9064685495,,4990.5,,85276808.351422382382467765,,,,
2017-12-11,436,,,103.3178160164717701104550442,,,1000000000,448,448,9678872.80776988,,21856.0798585265,,2078.50475,,9791523.776619874339357339,,,,
2017-12-12,423,,,9.002000150008570712926161337,,,1000000000,473,473,111086423.387701,,235120.340690663,,1962,,111211921.146683732616288375,,,,
2017-12-13,380,,,59.57419326355286685753230943,,,1000000000,419,419,16785791.7198485,,40636.2209603663,,1713.1468,,17026576.582393466448939577,,,,
2017-12-14,475,,,90.37359554139645863776950639,,,1000000000,553,553,11065178.8723172,,24391.9843686435,,2005,,13488767.355859872054997132,,,,
2017-12-15,844,,,55.3808764540739347401443385,,,1000000000,994,994,18056774.5407438,,18548.6178096823,,1795.4416,,18437326.102824175145779548,,,,
2017-12-16,590,,,83.07162455443468571560972573,,,1000000000,665,665,12037804.7903075,,18185.1270999992,,1595,,12093109.521499457118791127,,,,
2017-12-17,851,,,10.95374365616343396470916089,,,1000000000,1062,1062,91292989.0811642,,86791.0407529981,,1500,,92172085.279684010941627057,,,,
2017-12-18,2086,,,8.507117337887369439952927243,,,1000000000,2780,2780,117548631.373214,,54354.1705269278,,1123.3055,,151104594.064859279423214917,,,,
2017-12-19,2333,,,18.60533389365473879189117922,,,1000000000,2837,2837,53748027.6202431,,20190.4007045004,,894.1,,57280166.798667561519350105,,,,
2017-12-20,1602,,,26.36739821316975980172652747,,,1000000000,1980,1980,37925622.8436118,,19763.4913506263,,1290.87575,,39131712.874240038042280408,,,,
2017-12-21,1391,,,38.62396280840239149580101407,,,1000000000,1657,1657,25890662.8758056,,17529.4446460061,,1253.69,,29046289.778432064486327147,,,,
2017-12-22,932,,,154.4529769471754542252531612,,,1000000000,1055,1055,6474462.45300931,,7131.41225854024,,1135.6,,7523639.932759949537796266,,,,
2017-12-23,828,,,112.6020931426910830766585998,,,1000000000,927,927,8880829.58398282,,10454.1013801199,,867.649,,9690951.979371160157677011,,,,
2017-12-24,707,,,162.1730730035323559618964494,,,1000000000,799,798,6166251.77953074,,8525.91159995919,,895,,6803677.456767435598664144,,,,
2017-12-25,630,,,305.8963612635311260747667214,,,1000000000,678,678,3269081.0569613,,5706.64677257024,,742.1025,,3869106.511802624402381259,,,,
2017-12-26,703,,,236.3508150192991808986621179,,,1000000000,835,835,4230998.73769568,,5901.79394742987,,553.441,,4927997.946103942864618632,,,,
2017-12-27,1159,,,130.284918393000233680783937,,,1000000000,1563,1563,7675485.48469388,,6824.30706809645,,1049.6774,,10666391.947434746189509461,,,,
2017-12-28,1081,,,99.88107520099307949754421097,,,1000000000,1379,1379,10011906.6398482,,8068.04699729857,,709.285,,11125836.809274731709078043,,,,
2017-12-29,1236,,,44.71032599864166968503090361,,,1000000000,1545,1544,22366197.9120971,,17867.8866302603,,1049.6198,,27588016.957121865872931502,,,,
2017-12-30,1230,,,94.03899564350967145411020998,,,1000000000,1513,1512,10633886.4335693,,10319.0262119324,,955.66322477,,15602367.632441814103333207,,,,
2017-12-31,1132,,,138.6041167316547006957742614,,,1000000000,1298,1297,7214792.91943439,,6123.82783950969,,500,,7942604.707844066676289912,,,,
2018-01-01,851,,,135.8395975922279060608231482,,,1000000000,1040,1038,7361623.69239244,,9204.59206267621,,1035.08975,,9554366.561057904483038763,,,,
2018-01-02,1247,,,136.746410371916631174451292,,,1000000000,1532,1531,7312806.21758367,,5576.31518265315,,950.044,,8537338.544641967507346497,,,,
2018-01-03,1804,,,52.82397243104737427966478652,,,1000000000,2281,2281,18930798.9153093,,10095.1452649264,,885,,23027026.349297065763796541,,,,
2018-01-04,1847,,,61.11373899119680064311375268,,,1000000000,2294,2294,16362932.7301353,,8718.48990675229,,769.1255,,20000215.846089742802917681,,,,
2018-01-05,1790,,,125.6767415936465363498274967,,,1000000000,1980,1979,7956921.76069716,,4292.98492140224,,598,,8495817.159455032891920527,,,,
2018-01-06,1999,,,128.8138886910412023115842517,,,1000000000,2184,2184,7763138.04483063,,3769.79591068278,,433.6915,,8233234.268931191810858033,,,,
2018-01-07,1999,,,71.34353778053189619815993563,,,1000000000,2196,2194,14016686.4597634,,6530.70393762098,,546.6,,14328364.439140430647813014,,,,
2018-01-08,1512,,,55.54535684028000644931720667,,,1000000000,1799,1799,18003304.9904691,,10237.7915671141,,794.999,,18417787.029238334337369005,,,,
2018-01-09,1743,,,55.17913445534582456689879817,,,1000000000,1970,1969,18122792.426352,,9452.17510646202,,400,,18611332.784623711860736206,,,,
2018-01-10,2197,,,65.40849470155280300010577388,,,1000000000,2569,2569,15288534.0744015,,6136.12894109519,,497.2,,15763715.249673547535393457,,,,
2018-01-11,2581,,,88.34089958200836287123841726,,,1000000000,2839,2839,11319785.1134817,,4586.90441534984,,435,,13022221.635178187026913649,,,,
2018-01-12,1963,,,58.39064299307611553767945555,,,1000000000,2131,2130,17126031.650629,,9623.502737262,,378.1316,,20498060.83036806919794005,,,,
2018-01-13,2161,,,104.6112081176159461993156976,,,1000000000,2374,2373,9559205.15587283,,4046.50008919209,,304.814,,9602344.711652825554870168,,,,
2018-01-14,2069,,,180.3992480231239507268441723,,,1000000000,2271,2271,5543260.35700447,,2449.17887660909,,435,,5562085.228779236741018171,,,,
2018-01-15,2043,,,73.7735817857338269132007008,,,1000000000,2114,2114,13554987.7855243,,6415.21154114621,,821.76355,,13561757.197983097473214422,,,,
2018-01-16,1850,,,77.48487870942819735942579772,,,1000000000,1943,1942,12905743.8903666,,6781.15329845537,,421.688,,13168999.705600328909061739,,,,
2018-01-17,1951,,,141.9007941972947895955679738,,,1000000000,2151,2151,7047176.90733731,,3281.8585935484,,493.8,,7059277.834722603066082173,,,,
2018-01-18,2047,,,18.25560327600266696592112204,,,1000000000,2260,2260,54777702.2145589,,24246.3248302429,,401.048,,54796694.11634887490972999,,,,
2018-01-19,1902,,,3.104994368553144312823692972,,,1000000000,2089,2089,322061775.740346,,154178.29149459,,402.73701,,322078450.932198259403663814,,,,
2018-01-20,2499,,,74.07041471921870528811597325,,,1000000000,2976,2975,13500666.9503706,,4655.85292632627,,415,,13851162.455820641235912894,,,,
2018-01-21,2217,,,39.02236263720824352015177649,,,1000000000,2683,2681,25626331.4781071,,10337.3922212432,,473.722,,27714548.54515304547017549,,,,
2018-01-22,2781,,,66.83984023538869238300791096,,,1000000000,3258,3258,14961136.8979686,,5252.99152020577,,396.65804241,,17114246.372830393751958608,,,,
2018-01-23,2662,,,67.75748043669328908318028352,,,1000000000,2918,2917,14758518.0788166,,7098.66842380708,,499.5,,20706815.792245255104847729,,,,
2018-01-24,1780,,,86.15345725711793389571810224,,,1000000000,2123,2123,11607195.2517887,,5974.54286733523,,450.70427137,,12683954.50735268812114091,,,,
2018-01-25,1699,,,131.6354603420428283490535413,,,1000000000,1857,1857,7596737.21200648,,4470.12781195109,,301.50200778,,8301027.346793171399967625,,,,
2018-01-26,1707,,,218.4462406265063217463101364,,,1000000000,1943,1942,4577785.34953034,,2601.33648800698,,311.7245,,5051795.459709559000259524,,,,
2018-01-27,1523,,,387.7111633508969075561799364,,,1000000000,1704,1704,2579239.63642737,,1834.91422934863,,258.7345,,3126693.846810065025560619,,,,
2018-01-28,1848,,,138.136568249408360892821287,,,1000000000,1997,1997,7239212.70575131,,4060.59132525258,,250.143,,8109000.876529399584372108,,,,
2018-01-29,1475,,,157.8289344129458067855087888,,,1000000000,1593,1592,6335973.84230946,,4445.33573127675,,350.333,,7076974.484192589109271278,,,,
2018-01-30,1604,,,258.8477572272655299078243973,,,1000000000,1803,1802,3863274.7322667,,2686.90229575418,,298.175,,4841797.93694902391666236,,,,
2018-01-31,1591,,,249.8626662459002783115390814,,,1000000000,1755,1755,4002198.54780489,,2466.75480608677,,250.1,,4329154.684682284860374194,,,,
2018-02-01,1437,,,70.76982494897969191810792319,,,1000000000,1568,1568,14130316.1442173,,9858.88998332445,,297.9,,15458739.493852740525690072,,,,
2018-02-02,1499,,,146.9227354676268582848309444,,,1000000000,1619,1618,6806298.54063901,,5688.93947638959,,353.268581607077,,9204704.072798349010591687,,,,
2018-02-03,1190,,,172.257824420289411428215974,,,1000000000,1291,1290,5805251.53713839,,5788.82599434404,,245.9639,,7467585.532703813113596108,,,,
2018-02-04,1012,,,264.0470734982532047366061406,,,1000000000,1102,1102,3787203.49652584,,3931.24569025208,,302.293999995,,4332232.750657792754657528,,,,
2018-02-05,1429,,,192.6123288973327603866600436,,,1000000000,1535,1535,5191775.65488565,,4032.51770374503,,488,,6189914.675248622352637546,,,,
2018-02-06,1602,,,225.2659301975608830376567277,,,1000000000,1789,1788,4439197.70345648,,3393.6021706673,,465,,6067760.681153140557818158,,,,
2018-02-07,1240,,,365.2939034274128700899172347,,,1000000000,1327,1327,2737521.73419097,,2737.33684074381,,330.1,,3632445.987667030127659728,,,,
2018-02-08,398,,,1392.967315427845034681368271,,,1000000000,376,376,717891.933948826,,2263.38464705777,,317.6,,851032.627293720259327568,,,,
2018-02-09,924,,,587.0995867786410020223120396,,,1000000000,987,987,1703288.54340863,,2028.08772876096,,374.817,,2001722.588287070098895662,,,,
2018-02-10,1826,,,135.7755948138805948055219893,,,1000000000,2023,2022,7365093.86219804,,3777.03934291893,,262.62291,,7637173.551382075670278618,,,,
2018-02-11,1425,,,55.75901953482732383829666796,,,1000000000,1562,1562,17934318.220488,,16718.1137200014,,349.9637,,26113693.630642188275386734,,,,
2018-02-12,1061,,,357.1619656736295281987123548,,,1000000000,1185,1182,2799850.19713378,,2702.77595573722,,272.441,,3194681.179681393280343255,,,,
2018-02-13,924,,,254.5177132321580071856109527,,,1000000000,944,943,3928999.62560897,,4785.67334816686,,257.9,,4512889.967321349908268558,,,,
2018-02-14,870,,,431.7792836590208431879550816,,,1000000000,922,922,2315998.09867142,,2950.81927953256,,379.709,,2720655.375729019023586721,,,,
2018-02-15,1166,,,513.3019775585255544545787923,,,1000000000,1275,1275,1948170.94755101,,1792.41985100594,,283.01449999,,2285335.310032576835697872,,,,
2018-02-16,1030,,,430.6218673724910155901651757,,,1000000000,1060,1059,2322222.98904991,,3389.83890244871,,236.3286,,3589839.397693180152963247,,,,
2018-02-17,1029,,,437.4308089813999255956583135,,,1000000000,1141,1140,2286075.83066359,,2203.63528523056,,267.85,,2512144.22516284046377561,,,,
2018-02-18,863,,,70.31341833210207296195102175,,,1000000000,904,904,14222036.4721401,,16000.3650763211,,210.045,,14464330.028994308358309289,,,,
2018-02-19,1154,,,650.7808153101522906393318675,,,1000000000,1190,1190,1536615.67224199,,1431.28874555558,,206.63595,,1703233.607211135529372303,,,,
2018-02-20,1647,,,312.6636093520711676812646036,,,1000000000,1664,1662,3198325.51691029,,2141.3556152652,,250,,3558933.032570756219337988,,,,
2018-02-21,1015,,,167.3881851427481432425214324,,,1000000000,1010,1010,5974137.29736781,,6023.11915577693,,239.4035,,6083350.347334701083818666,,,,
2018-02-22,962,,,837.2458595826852091664616229,,,1000000000,955,955,1194392.29057333,,1442.99935907708,,239.259,,1378064.387918611432262674,,,,
2018-02-23,970,,,157.685415876109308332151037,,,1000000000,1016,1016,6341740.57533439,,6956.19806540072,,298.95455,,7067497.234447130470992338,,,,
2018-02-24,937,,,530.5407550716846694346548343,,,1000000000,972,970,1884869.33461857,,2121.98743692103,,206.12455,,2058327.813813396321244627,,,,
2018-02-25,1039,,,184.4793670810035634795919423,,,1000000000,1117,1117,5420660.40133858,,5148.37192840638,,350,,5750731.444029924766587856,,,,
2018-02-26,1787,,,299.1171714780056994019138072,,,1000000000,2000,2000,3343171.49048573,,2099.54444051398,,377.890995,,4199088.881027967088436044,,,,
2018-02-27,1548,,,355.054414616135103027490549,,,1000000000,1494,1698,2816469.6982606,,1866.44884171136,,159.9195,,3169230.133225891243034251,,,,
2018-02-28,1222,,,386.7488254130337883237439535,,,1000000000,1309,1309,2585657.49729695,,2374.65513548829,,294.604,,3108423.572354167986197636,,,,
2018-03-01,1135,,,392.6034379317550668418198278,,,1000000000,1222,1222,2547099.44790098,,2817.05565391997,,248.4,,3442442.009090208720806571,,,,
2018-03-02,1057,,,157.8960924528463270585584051,,,1000000000,1145,1144,6333278.95874711,,6037.7794548691,,248.9,,6907219.696370248504446507,,,,
2018-03-03,1020,,,572.6366580246263500957977293,,,1000000000,1051,1051,1746308.04016217,,2139.86447204326,,252.3,,2248997.56011746386552223,,,,
2018-03-04,847,,,860.5752682744901350556779275,,,1000000000,867,867,1162013.40761868,,1463.04296821095,,229.5,,1268458.253438894110207081,,,,
2018-03-05,847,,,635.0088565087043253284683554,,,1000000000,825,824,1574781.18572712,,2052.25555973667,,204.28103997,,1691058.581223013542575794,,,,
2018-03-06,1141,,,314.8710301925648949369502699,,,1000000000,1313,1312,3175903.4782858,,2924.25507556348,,462.956,,3836622.659139281617442626,,,,
2018-03-07,1516,,,114.0139849159360176860280427,,,1000000000,1816,1816,8770853.86268459,,5212.51123758203,,718.45,,9465920.407448963922910094,,,,
2018-03-08,1814,,,105.9459946296114978840376148,,,1000000000,2175,2174,9438771.17295479,,4861.96052557238,,460.157,,10569902.182594344429991948,,,,
2018-03-09,1601,,,46.26294263698096432387128356,,,1000000000,1760,1759,21615572.702473,,12565.7767446853,,491,,22103201.293901507713187611,,,,
2018-03-10,1219,,,149.0316115970003104187498239,,,1000000000,1397,1397,6709985.81632548,,5042.94131670139,,500,,7044989.019431837341842087,,,,
2018-03-11,1179,,,148.6587949877858039022704039,,,1000000000,1364,1363,6726813.57387676,,4955.12991715096,,548.8,,6753842.07707675404171098,,,,
2018-03-12,1735,,,128.7683671387538940125814113,,,1000000000,1916,1915,7765882.4307561,,4109.58736986849,,441.912,,7869859.81329814918260886,,,,
2018-03-13,1772,,,99.00094764152163994854176827,,,1000000000,2127,2127,10100913.4136873,,4896.03713335966,,600,,10413870.982655998189976991,,,,
2018-03-14,1832,,,137.9807821796130708206127425,,,1000000000,2142,2142,7247386.07944891,,3610.93731007212,,500,,7734627.71817448320531318,,,,
2018-03-15,1747,,,85.43418865527454288042985699,,,1000000000,2093,2093,11704915.9796552,,5844.30172799775,,533.51975,,12232123.516699298414024294,,,,
2018-03-16,1541,,,47.56522101172174252311991501,,,1000000000,1851,1850,21023764.3961239,,11528.710769555,,558.699268215,,21328114.92367678416761576,,,,
2018-03-17,1702,,,109.7291338518619156255145637,,,1000000000,2051,2051,9113349.98187477,,4719.09776054974,,850,,9678869.506887510647050872,,,,
2018-03-18,2155,,,72.88004878953783218085162815,,,1000000000,2719,2719,13721176.3247825,,5181.84007931167,,907.19,,14089423.175648435561554929,,,,
2018-03-19,5633,,,23.56501405907168418538704403,,,1000000000,6913,6913,42435790.5110197,,6147.08338039211,,664.22037666,,42494787.408650625379038605,,,,
2018-03-20,1978,,,59.30972251287054350416856209,,,1000000000,2483,2483,16860642.0268278,,6802.95839730053,,727.371,,16891745.700497220632112558,,,,
2018-03-21,1352,,,186.2140489658740064745144492,,,1000000000,1391,1390,5370164.09639029,,3901.08290264369,,596.850499995,,5422505.234674726380183744,,,,
2018-03-22,803,,,312.5364047861825179298502954,,,1000000000,864,863,3199627.25841214,,4211.36187600309,,211.507,,3634405.298990666383609216,,,,
2018-03-23,869,,,279.8051491334187056880624035,,,1000000000,904,904,3573915.64485889,,4203.94564977904,,271.81814999,,3800366.867400253889013309,,,,
2018-03-24,604,,,443.3810334817262005165651719,,,1000000000,617,617,2255396.42989987,,3951.96996722841,,200,,2438365.469779926447344293,,,,
2018-03-25,569,,,1059.086509163431659180417608,,,1000000000,564,564,944209.931245273,,1920.32547053811,,200,,1083063.565383493629348764,,,,
2018-03-26,603,,,846.2482515026964779417664424,,,1000000000,574,573,1181686.34112305,,2328.19149279536,,239,,1334053.725371740769351258,,,,
2018-03-27,542,,,697.4526394777579051582300773,,,1000000000,527,527,1433789.11111267,,2867.21982696902,,248,,1511024.848812671723002132,,,,
2018-03-28,590,,,445.5118095916716502812464132,,,1000000000,605,604,2244609.40983032,,4331.14562733616,,262.70103,,2616011.958911039909949574,,,,
2018-03-29,727,,,471.2666195916024515110075276,,,1000000000,737,737,2121941.08054289,,4219.17321332872,,412,,3109530.658223267119038141,,,,
2018-03-30,720,,,451.8789547150083164115995715,,,1000000000,776,776,2212982.01557247,,3444.73584890669,,458.7695,,2673115.018751588749442515,,,,
2018-03-31,486,,,1811.755800314925971068821518,,,1000000000,466,466,551950.765012689,,1349.13938296153,,230.7215,,628698.95246007072625856,,,,
2018-04-01,451,,,333.277947100545966081567611,,,1000000000,487,487,3000498.55893499,,7761.45261058744,,423.32,,3779827.42135608505809575,,,,
2018-04-02,1757,,,80.63178552280561876791139825,,,1000000000,2086,2086,12402056.9991863,,7176.50840680094,,896.95,,14970196.536586760989150822,,,,
2018-04-03,959,,,214.1249934865214648369436506,,,1000000000,1116,1116,4670169.435699,,4873.19361189912,,691.1173022,,5438484.070879422533701831,,,,
2018-04-04,540,,,436.9863449670362848546608989,,,1000000000,585,585,2288401.0256097,,4345.53938674863,,249.7725,,2542140.54124794713308624,,,,
2018-04-05,542,,,569.8287671355947078563480903,,,1000000000,565,565,1754913.15580079,,4750.83214817941,,298.3549,,2684220.16372136682464375,,,,
2018-04-06,427,,,2473.299887432992335403095999,,,1000000000,410,410,404318.135896528,,1174.39599856274,,164.76945,,481502.35941072291842094,,,,
2018-04-07,438,,,820.8846195806042263223209668,,,1000000000,466,466,1218197.99780255,,2797.80972267884,,228.5904,,1303779.33076834101524567,,,,
2018-04-08,453,,,369.0585065463612504655618921,,,1000000000,466,466,2709597.48186804,,6306.76470588038,,202.395,,2938952.352940259012339819,,,,
2018-04-09,585,,,454.1511425494026897551983462,,,1000000000,596,595,2201910.12707013,,4093.83842895049,,304.355,,2435833.865225540391418721,,,,
2018-04-10,551,,,524.2691225575674335842029306,,,1000000000,570,570,1907417.31102082,,3693.58935191889,,200.5025,,2105345.930593770019214375,,,,
2018-04-11,520,,,1066.05046274136510795883561,,,1000000000,554,551,938041.898531224,,2410.7400077885,,400.1,,1328317.74429146114022537,,,,
2018-04-12,706,,,379.4442651980738205672435573,,,1000000000,727,727,2635433.16296529,,3861.58589512166,,286.992366412214,,2807372.945753445334052257,,,,
2018-04-13,776,,,406.2779639649990574095942925,,,1000000000,776,776,2461369.03473837,,4499.58288490361,,249.590053585,,3491676.318685199515247544,,,,
2018-04-14,530,,,348.3334392082028404774134793,,,1000000000,534,534,2870812.52455435,,5609.31607158256,,234.29435,,2995374.782225086322180158,,,,
2018-04-15,550,,,1050.644362477587512982629326,,,1000000000,545,545,951796.855066961,,3077.58452643686,,209.789,,1677283.566908090885419229,,,,
2018-04-16,638,,,334.5497163101100184278156865,,,1000000000,719,719,2989092.35682344,,4513.14959815291,,318.78,,3244954.56107194452478802,,,,
2018-04-17,617,,,353.2912124519810413235508825,,,1000000000,594,594,2830526.10638007,,5130.06291018529,,249.23915,,3047257.368650061031877545,,,,
2018-04-18,574,,,897.6637782638699607867222933,,,1000000000,622,622,1114002.8418369,,2334.44726019133,,301.0777455,,1452026.195839005664411818,,,,
2018-04-19,650,,,567.9298048731035998061018549,,,1000000000,665,665,1760780.98282487,,2981.2813088466,,248.1,,1982552.070382987521946517,,,,
2018-04-20,711,,,283.4872999769560640785149143,,,1000000000,739,739,3527494.88277354,,5366.02265537598,,296.202,,3965490.742322852270892601,,,,
2018-04-21,652,,,377.4797242619377570462465064,,,1000000000,654,654,2649148.90979969,,4214.02580322022,,205.897,,2755972.875306024090681846,,,,
2018-04-22,678,,,660.1736358838582351209555631,,,1000000000,681,681,1514753.00685277,,2509.86972056353,,232.766,,1709221.279703763249162622,,,,
2018-04-23,1189,,,161.7275500453689928617815901,,,1000000000,1184,1183,6183238.41373639,,6478.34596950982,,427.0714999,,7663883.28193011725273041,,,,
2018-04-24,843,,,747.5458920812800991871112053,,,1000000000,883,883,1337710.51462252,,1847.3616026411,,248.75,,1631220.295132091650768521,,,,
2018-04-25,812,,,787.5625910180629152579772537,,,1000000000,766,767,1269740.35004294,,2710.97250610401,,304.591,,2079315.912181773052523864,,,,
2018-04-26,758,,,410.0282527948101942253978434,,,1000000000,749,749,2438856.33046957,,3829.55238164747,,341.7897,,2868334.733853957746168112,,,,
2018-04-27,840,,,617.0843921351135550740535465,,,1000000000,821,821,1620523.89064646,,2160.00514423278,,362.9999999,,1773364.223415114839504722,,,,
2018-04-28,764,,,412.9657006571546429568631153,,,1000000000,793,792,2421508.61054246,,4488.35061063833,,391.58338994,,3554773.683625559316461096,,,,
2018-04-29,1093,,,331.7404471605185660320610251,,,1000000000,1266,1266,3014404.81122922,,2711.50118214772,,475.507,,3432760.496599015126114946,,,,
2018-04-30,795,,,529.7115082436886729834033336,,,1000000000,799,800,1887820.03871428,,2603.78346331373,,233.8255,,2083026.770650985611374804,,,,
2018-05-01,733,,,753.5789158902286691287261659,,,1000000000,735,733,1327001.03322114,,2229.37678713974,,274.724,,1634133.184973427577231203,,,,
2018-05-02,901,,,403.3869579799467289891330792,,,1000000000,963,962,2479009.24959927,,3096.36439080394,,298.91445,,2978702.543953389954308903,,,,
2018-05-03,1049,,,282.2894173850005150720803742,,,1000000000,1095,1094,3542463.65047454,,4270.434088493,,325.8845,,4671854.892811346471852249,,,,
2018-05-04,826,,,281.8277898696240560589676274,,,1000000000,872,871,3548266.12543287,,4832.56084381936,,335.1,,4209160.494966663422694808,,,,
2018-05-05,816,,,787.5834271614102107364457904,,,1000000000,788,788,1269706.75805632,,2331.2992406815,,229.789126957883,,1837063.801657024771298047,,,,
2018-05-06,710,,,1281.934452775789494471016892,,,1000000000,743,742,780071.085408998,,1310.56588303059,,307.30495,,972439.885208698207703047,,,,
2018-05-07,823,,,1431.029537101663656989973597,,,1000000000,799,798,698797.595768254,,937.339504471496,,128.647190820631,,747996.92456825394273382,,,,
2018-05-08,890,,,672.1923741427037365444695326,,,1000000000,882,882,1487669.3614315,,2234.26187657231,,162.96,,1970618.975136781399213652,,,,
2018-05-09,823,,,565.0781545737239890605857496,,,1000000000,884,884,1769666.71230525,,2231.4136038443,,198.6224,,1972569.625798362682133407,,,,
2018-05-10,962,,,304.7649209900291747374372588,,,1000000000,1073,1073,3281217.52579496,,4017.41963625858,,300,,4310691.2697054600375477,,,,
2018-05-11,793,,,183.9775452308942823347420882,,,1000000000,801,801,5435445.93306203,,7498.33470312116,,337.99999999,,6006166.097200046986070262,,,,
2018-05-12,588,,,873.5155231745742364650263859,,,1000000000,649,649,1144799.34639942,,2190.43961510549,,434.563,,1421595.310203464517143142,,,,
2018-05-13,597,,,1102.54936670234383419732828,,,1000000000,578,578,906988.866168358,,1812.67398030268,,264.2345,,1047725.56061494685262129,,,,
2018-05-14,713,,,1112.880568914788137959780989,,,1000000000,761,761,898569.018035006,,1494.966854096,,358,,1137669.775967056173468147,,,,
2018-05-15,839,,,498.4384810213357861378124364,,,1000000000,1062,1062,2006265.64375794,,2376.93071950421,,497.44529999,,2524300.424113470470554278,,,,
2018-05-16,663,,,402.0909575733357056505239582,,,1000000000,715,715,2486999.4740372,,3994.1365489842,,334.1,,2855807.632523705194473214,,,,
2018-05-17,653,,,215.7751031215846713615484754,,,1000000000,812,812,4634454.97433743,,6842.94834137118,,608.692,,5556474.053193397916248991,,,,
2018-05-18,701,,,477.2523414073330749037949227,,,1000000000,853,853,2095327.5934722,,2993.4348570358,,500,,2553399.933051535507908669,,,,
2018-05-19,554,,,670.6810886806409464303351554,,,1000000000,600,600,1491021.6150081,,3366.32217333072,,262.67765,,2019793.3039984344148062,,,,
2018-05-20,577,,,534.7635676707130738851888207,,,1000000000,613,613,1869985.28032815,,3363.18384473382,,368.771,,2061631.696821834483370992,,,,
2018-05-21,738,,,888.0054178106100482820054155,,,1000000000,841,841,1126119.25551706,,1881.49443437162,,300,,1582336.819306534703064309,,,,
2018-05-22,1196,,,232.7032705151777247785148624,,,1000000000,1327,1327,4297318.20178598,,3414.44720110914,,1065.27118,,4530971.435871823068234259,,,,
2018-05-23,1218,,,478.5812577957181635072914271,,,1000000000,1369,1369,2089509.3230476,,1917.96294983947,,373.525,,2625691.278330235101342202,,,,
2018-05-24,704,,,496.3428918694695039215655925,,,1000000000,886,886,2014736.21639571,,2637.80020190864,,399.64755,,2337090.978891058460616437,,,,
2018-05-25,579,,,152.584514204157446975692074,,,1000000000,694,694,6553745.01937991,,11380.9966293427,,484.54,,7898411.660763807607315019,,,,
2018-05-26,529,,,1229.118711657440293340633461,,,1000000000,579,578,813591.063674819,,1743.03233147572,,294.852,,1007472.68759296448337815,,,,
2018-05-27,475,,,371.8855406928685087659758812,,,1000000000,531,531,2688999.41131585,,6475.9435220272,,324.5894,,3438726.010196440859059738,,,,
2018-05-28,734,,,731.8400397763310123122300718,,,1000000000,865,865,1366418.81510832,,2078.10049282093,,430,,1797556.92629010072981537,,,,
2018-05-29,612,,,370.8133111877616465691037901,,,1000000000,748,744,2696774.81856537,,4043.11833212654,,500,,3008080.03910214261777127,,,,
2018-05-30,553,,,117.9907185714149975610969591,,,1000000000,609,609,8475242.90137059,,14272.35029389,,354.46,,8691861.328979007682033679,,,,
2018-05-31,590,,,443.028262037359492505536323,,,1000000000,664,665,2257192.34118674,,5414.73782232577,,491.82038,,3600800.651846637294744304,,,,
2018-06-01,548,,,1066.522979186915989681347425,,,1000000000,605,605,937626.304838147,,1857.05005523039,,275.104,,1123515.283414387447849554,,,,
2018-06-02,513,,,619.491666685215465655706082,,,1000000000,585,586,1614226.71809423,,3115.77780964654,,304.40425,,1825845.796452870667638159,,,,
2018-06-03,656,,,877.8874603661178495780137901,,,1000000000,800,800,1139098.17049096,,1897.40609611745,,447.6415095,,1517924.876893956967703342,,,,
2018-06-04,698,,,627.5619053342764941668751015,,,1000000000,847,847,1593468.29611549,,2331.50599843558,,651.155,,1974785.580674935972706206,,,,
2018-06-05,588,,,953.7564294311235280823728208,,,1000000000,632,632,1048485.72354732,,2146.54633778629,,386.44735,,1356617.285480932711572393,,,,
2018-06-06,528,,,810.4798993707839589725238916,,,1000000000,603,603,1233836.89191595,,2847.36989621023,,499,,1716964.047414771437649732,,,,
2018-06-07,580,,,402.8951958291075771277073566,,,1000000000,660,660,2482035.05614438,,6415.77578792489,,499.1,,4234412.020030429865490124,,,,
2018-06-08,511,,,188.3146759513533426315179159,,,1000000000,550,550,5310260.5781948,,9883.20999150228,,353.902505,,5435765.495326254017975865,,,,
2018-06-09,484,,,35.77451304581713881743469967,,,1000000000,505,504,27952861.2652052,,57396.0272614627,,399,,28927597.739777206993921987,,,,
2018-06-10,575,,,291.2380842027499828569986807,,,1000000000,759,759,3433616.87307294,,5484.17393460355,,1000,,4162488.016364094002284691,,,,
2018-06-11,567,,,318.3048665821263539060791319,,,1000000000,663,663,3141642.19585373,,5169.702258942,,437,,3427512.597678544127902683,,,,
2018-06-12,661,,,408.8675207327105088233377698,,,1000000000,849,849,2445779.98811926,,3374.31488254329,,432,,2864793.335279257395862201,,,,
2018-06-13,712,,,106.3152535680438917193745598,,,1000000000,856,856,9405988.00679133,,11597.9346833992,,530.95693,,9927832.08898973400986589,,,,
2018-06-14,612,,,523.9452139221224586000839847,,,1000000000,800,801,1908596.49716857,,2940.98982873567,,798,,2355732.852817272062411153,,,,
2018-06-15,539,,,181.6123329459907370064649298,,,1000000000,587,591,5506233.98630856,,11848.7256988067,,370.7,,7002596.887994781046121668,,,,
2018-06-16,392,,,1056.096707633541458544246522,,,1000000000,401,401,946882.982185182,,2783.9987935464,,386.00006214,,1116383.51621210453906222,,,,
2018-06-17,470,,,766.6667885280585587103759752,,,1000000000,563,563,1304347.61876137,,2692.24347447912,,513.781,,1515733.076131743147475806,,,,
2018-06-18,455,,,1201.086634112146460000508998,,,1000000000,448,448,832579.409010915,,2039.23101324777,,300.8885,,913575.493934999005729856,,,,
2018-06-19,512,,,206.2730827364460627152634243,,,1000000000,476,476,4847942.28473181,,11406.2167239895,,326.17380233,,5429359.160618989044079315,,,,
2018-06-20,610,,,401.6120902273153022703534391,,,1000000000,585,585,2489964.87987698,,4640.60634002644,,369.775170863915,,2714754.708915467696123369,,,,
2018-06-21,632,,,111.6679594542326005176911209,,,1000000000,643,643,8955120.20536072,,15253.8134956329,,250.840609,,9808202.077691980727644421,,,,
2018-06-22,1023,,,492.872172706346003098605342,,,1000000000,986,986,2028923.63451771,,2590.31338936245,,433.7815,,2554049.001911380327036433,,,,
2018-06-23,809,,,397.1655598196419687197995173,,,1000000000,812,812,2517841.67905725,,3409.32294176257,,500,,2768370.228711205716009126,,,,
2018-06-24,910,,,485.5179367460907233391939804,,,1000000000,1001,1005,2059656.14103144,,2912.88952172258,,557.9,,2927453.969331188797864365,,,,
2018-06-25,1174,,,250.3901916326174774305424498,,,1000000000,1028,1028,3993766.66266241,,4240.17528542967,,298.25,,4358900.193421697510614387,,,,
2018-06-26,1288,,,185.8946821607181020868393759,,,1000000000,1091,1092,5379390.03083173,,5560.59558481326,,282.765499995,,6072170.378616080027192711,,,,
2018-06-27,1243,,,115.5388721725714658904743772,,,1000000000,1154,1155,8655095.73701202,,7911.58607560361,,423.675,,9137881.917322174164191436,,,,
2018-06-28,1395,,,309.1346412574003751706891999,,,1000000000,1300,1298,3234836.43221774,,3624.23326793424,,402.592,,4704254.781778646295951396,,,,
2018-06-29,1580,,,93.47303818938351064845570403,,,1000000000,1553,1555,10698272.1367623,,7355.64376158514,,490.1,,11438026.049264891883651854,,,,
2018-06-30,1081,,,261.0475102765523545818749899,,,1000000000,959,959,3830720.3119486,,4380.7471436317,,298,,4201136.510742796601975151,,,,